{
  "episode": 500,
  "epsilon": 0.28605673633036915,
  "beta": 0.8796640000004797
}