{
  "episode": 250,
  "epsilon": 0.5348427211156283,
  "beta": 0.6387280000002388
}